# [180. 连续出现的数字](https://leetcode-cn.com/problems/consecutive-numbers/)

## 1、题目

表：Logs

	+-------------+---------+
	| Column Name | Type    |
	+-------------+---------+
	| id          | int     |
	| num         | varchar |
	+-------------+---------+

	id 是这个表的主键。
 
编写一个 SQL 查询，查找所有至少连续出现三次的数字。

返回的结果表中的数据可以按 任意顺序 排列。

查询结果格式如下面的例子所示：

Logs 表：

	+----+-----+
	| Id | Num |
	+----+-----+
	| 1  | 1   |
	| 2  | 1   |
	| 3  | 1   |
	| 4  | 2   |
	| 5  | 1   |
	| 6  | 2   |
	| 7  | 2   |
	+----+-----+

Result 表：

	+-----------------+
	| ConsecutiveNums |
	+-----------------+
	| 1               |
	+-----------------+

1 是唯一连续出现至少三次的数字。

## 2、题解

```sql
-- 方法1：内连接自身两次，如果一个数字连续出现三次，那么结果表的三个Num都相同。
-- 执行用时: 321 ms
-- 内存消耗: 0 B
-- distinct的作用是对连续出现次数超过3次的情况去重，
-- 如，[[1, 3], [2, 3], [3, 3], [4, 3]]
select
distinct a.Num as ConsecutiveNums  
from Logs a 
join Logs b on a.Id=b.Id-1
join Logs c on a.Id=c.Id-2
where a.Num = b.Num and b.Num = c.Num 

-- 帮助理解：
MariaDB [mysql]> select * from Logs a inner join Logs b on b.Id=a.Id+1; 
+------+------+------+------+
| Id   | Num  | Id   | Num  |
+------+------+------+------+
|    1 |    1 |    2 |    1 |
|    2 |    1 |    3 |    1 |
|    3 |    1 |    4 |    2 |
|    4 |    2 |    5 |    1 |
|    5 |    1 |    6 |    2 |
|    6 |    2 |    7 |    2 |
+------+------+------+------+
6 rows in set (0.00 sec)

MariaDB [mysql]> select * from Logs a inner join Logs b on b.Id=a.Id+1 and b.Num=a.Num;       
+------+------+------+------+
| Id   | Num  | Id   | Num  |
+------+------+------+------+
|    1 |    1 |    2 |    1 |
|    2 |    1 |    3 |    1 |
|    6 |    2 |    7 |    2 |
+------+------+------+------+
3 rows in set (0.00 sec)

MariaDB [mysql]> select * from Logs a inner join Logs b on b.Id=a.Id+1 and b.Num=a.Num inner join Logs c on c.Id=a.Id+2 and c.Num=a.Num;      
+------+------+------+------+------+------+
| Id   | Num  | Id   | Num  | Id   | Num  |
+------+------+------+------+------+------+
|    1 |    1 |    2 |    1 |    3 |    1 |
+------+------+------+------+------+------+
1 row in set (0.00 sec)
```

```sql
-- 方法2：利用窗口函数lag
-- 执行用时: 313 ms
-- 内存消耗: 0 B
select
    distinct Num as ConsecutiveNums 
from (
    select 
        Id,Num,
        lag(Num,1) over(order by Id) Num2,
        lag(Num,2) over(order by Id) Num3
    from Logs
) t
where Num = Num2 and Num = Num3; 
```

## 3、涉及内容

	LAG(expr [, N[, default]]) [null_treatment] over_clause

使用 expr 计算当前行在本分区内往上 N 行的数据。

如果没有那个行，就返回默认值。如果 N 或默认值缺失，默认就是1和null。

	LEAD(expr [, N[, default]]) [null_treatment] over_clause

使用 expr 计算当前行在本分区内往下 N 行的数据。

```sql
mysql> SELECT
         n,
         LAG(n, 1, 0)      OVER w AS 'lag',
         LEAD(n, 1, 0)     OVER w AS 'lead',
         n + LAG(n, 1, 0)  OVER w AS 'next_n',
         n + LEAD(n, 1, 0) OVER w AS 'next_next_n'
       FROM fib
       WINDOW w AS (ORDER BY n);
+------+------+------+--------+-------------+
| n    | lag  | lead | next_n | next_next_n |
+------+------+------+--------+-------------+
|    1 |    0 |    1 |      1 |           2 |
|    1 |    1 |    2 |      2 |           3 |
|    2 |    1 |    3 |      3 |           5 |
|    3 |    2 |    5 |      5 |           8 |
|    5 |    3 |    8 |      8 |          13 |
|    8 |    5 |    0 |     13 |           8 |
+------+------+------+--------+-------------+
```